title,flair
Fuck all Religion,5
German exchange Student at IIT Madras is being sent back home by the Indian immigration department because he joined the protest.,5
"If you are not moved by this picture, I wish I had your heart. [NP]",1
The wealth inequality in India is truly horrifying,5
"Dear Hindus, we Indian Muslims rejected an Islamic state in 1947.. Now it's your turn to reject a Hindu Nazi state.. Speak up. NOW",5
"Spend nearly 500 rs bucks to watch JOKER and in return all i got was 30 mins of advertiment before the movies,20 mins adver. in interval, giant subtitles, and stupid tobacco discalimer which stuck through 70% of the time in the screen,which made crucials scenes so distracting and out of focus.",1
Image Of Smiling Baby For Hyderabad Police Officers Who Rescued Him From The Kidnappers Thrill The Internet,1
This is India.,5
No Yoga and Yoga. Difference,5
Ganesh Chaturthi & Muharram possessions crossing each other.,1
"An Indian woman, a Japanese woman, and a Syrian woman, all training to be doctors at Women‚Äôs Medical College of Philadelphia. - October 10, 1885.",1
Weighing us down?,5
story of the German student forced to leave after CAA protests,5
Mumbai protests aerial view,5
Incredible India.,1
"Picture of culprit who brandished and fired gun at silently protesting student in Jamia while shouting, ""You want Azzadi? Ye lo Azaadi"".",5
Dem truth bombs,1
All four people accused of Hyderabad vet gangrape killed in encounter.,5
"Pro-gamer move by Women of Bangalore in a student led protest courtesy of - Section 46(4) of Code of Criminal Procedure, 1973",5
"Hello there, from Bangalore",5
Found my autograph diary while going through some of my old stuff. Here is Dr Kalam's autograph I took 16 years ago.,1
"Superheroes in their capes. The ones who fought the crypto battle for 1.3 billion people. Because of them, bitcoin is now legal to trade in India.",7
Memes work a bit differently when in Delhi!,1
Hindu cop standing guard as Muslim comrade offers namaz (photo shared by Srinagar Sector CRPF on Twitter),1
"Tigress Samruddhi with her four cubs at the Aurangabad zoo. The cubs, including two white, were born on Saturday morning.",1
Modi: Last Week Tonight with John Oliver (HBO),5
"My father has been taking the same bus to work and back for the last 5 years. Today, all the regular commuters gave a farewell to the bus conductor on his last working day.",1
"When I was small, my parents used to tell me how it is their dream to make my grandparents fly in an airplane; after 27 years of patience and hardwork the moment finally came.",1
From Swiggy‚Äôs Office in Kochi.,1
Every Hindu right now to the BJP.,5
#Profile4Peace #SayNoToWar (x-post from /r/pics),5
"Muslim neighbors came, lifted the bier & also chanted ""Ram Naam Satya hai"" in the funeral procession of a Hindu Man, Because of the #COVID fear, none of his relatives came to lift the bier.",1
Indian Wonder Woman- Cosplay by Deepica Mutyala,1
Good bois celebrating International Yoga day!,1
If you still throw garbage on street.,1
This type of cringe on LinkedIn is really getting out of hand,1
Welcome to Indian Education where they make you write code with hand.,1
Team of lawyers who fought against the government in Guwahati High Court to lift the ban on internet.,5
"Celebrating holi amidst snowfall in Sangla, Himachal Pradesh.",1
A mother wrote to Hindustan pencils about her left-handed daughter's needs and they responded,6
Running a parallel IT Cell from my home against BJPs IT Cell. 40 servers on AWS. Monitoring 2 lakh bot accounts on Twitter. Find my AWS Bill in comments.,5
Desi Cybertruck,1
"The Trend is spreading to Dimapur, Nagaland.",1
Gay sex has been decriminalised in India. The Supreme Court struck down Section 377 of IPC. Love wins.,5
"""In response to Modi's unfortunate comment on the clothes identifying the ""group"" of those protesting against CAB, NRC and NPR, a protestor takes off his shirt to show his janeu. Now what do you have to say about that Prime Minister?"" - Mohan Guruswamy",5
India did it before it was cool.,1
- First lady of US is visiting - High security. Secret service all over. No sudden movements Sardar Kid - Sorry... When it's Bhangra time... It's Bhangra time...,1
Beautiful Bangalore,1
Spotify after two songs,1
Tesla Semi Truck in India. [NP],1
Only in India would this be proudly advertised,1
Everything is Banned: An Ajnabee's Reaction to the Porn Ban,5
I finally decided to upload my first webcomic [OC],1
Book stall owners using memes,1
"IAF Sources: 12 Mirage 2000 jets took part in the operation that dropped 1000 Kg bombs on terror camps across LOC, completely destroying it",5
Fair and Lowly,1
Wholesome,1
Today I cleaned my room,1
Stolen,1
India's Bharti Research Centre in Antarctica.,4
My mood since past few days.,5
Bought a book from Daryaganj for a 70 bucks. Opened it up later to receive this little surprise!!!,1
Unpopular Opinion: Divorce rate in India is less because most women are not financially independent.,1
Better Safe Than Sorry,5
Go Save the world!,5
Indian Women‚Äôs Hockey team returns to India after winning the FIH Women's Series Finals Hiroshima 2019 after defeating host Japan 3-1 in the Final on June 23,8
I saw the Chandrayaan 2 launch in person,4
Artist Badaal Nanjudaswamy recreates an astronaut walking on moon full or craters in Bengaluru,1
"Bernie Sanders: Over 200 million Muslims call India home. Widespread anti-Muslim mob violence has killed at least 27 and injured many more. Trump responds by saying, ""That's up to India."" This is a failure of leadership on human rights.",5
Excerpt from movie Swadesh,1
"I painted my uncle yesterday. I'm on my trip here in Punjab and have been trying to create this for years now. Oil in sketchbook, ""Darshan""",1
"A young poor kid offering a part of her meager meal to an elderly dog. I took this photo in one of the biggest temples in West Bengal. In the entire temple, this scene was the one of true devotion.",1
Rural India is wild. Literally.,1
"[P] what the fuck are we doing? the government have banned Porn, Reddit, Pub-G, even live leak & many more website! we should immediately take action now",5
The picture pretty much sums up the ideology of BJP right now,5
Somewhere in Assam,1
"RIP Grandpa, what an absolute legend you were",1
Hasan Minhaj at howdy modi,5
Inside Mysore Palace. [1080*1168] [OC] [Redmi Y2],3
From the Horse's mouth,1
Great idea sirji!!,1
Heartbreaking photograph. Indian Army officer consoling father of Lance Naik Nazir Ahmad of Kulgam in South Kashmir who sacrificed his life for the country while fighting terrorists recently. India salutes these sons of the soil in Kashmir who always put nation first. Prayers,5
"A role model for countless Indian women, Kalpana was an ordinary girl from Karnal whose lofty dreams and indomitable courage took her to space.",4
So relevant again!,5
"How to get away with murder, police edition ~ Kruttika Susarla",5
Someone made a stormtrooper Ganesha.,1
Just another street in Hyderabad,1
Govinda Govinda,1
Don't call me to your wedding if your bridesmaids aren't dressed like this.,1
Mom found this good boye outside a store in 40 degrees heat.,1
"Pakistani here, hear me out",5
"Indian men line-up for a free meal on the occasion of Id-Ul-Fitr near Jama Mazjid, New Delhi. Most of these men are rickshaw-pullers, daily-wage laborers and homeless men who rarely get two square meals a day",1
Brace yourselves. We are less than 6 hours away from hitting superpower status.,5
"Three businesses, one frame.",1
"Omni Van turned into off-road vehicle, Hyderabad, India",1
ToI delivers for a change,1
Harsh reality is we're it,1
Mumbai man cleans 5 million kgs of trash in 96 weeks. [X-post r/pics].,1
Here to share my ballpoint pen drawing with my fellow Indians.,1
"A dog wearing sunglasses hitchhiking atop a rickshaw in Mumbai, India",1
Indians Right Now.,8
Tesla Cyber Tuktuk,1
"Jatayupara, Jatayu Earth Center, Kollam, Kerala [x-post r/pics]",1
Howdy Modi !,5
Love for Canada,1
Courage.,5
From @PonnappaCartoon,5
something something the education system sucks...,1
People caught on camera exchanging their blackmoney after Masterstroke step of ‚ÄòDemonetisation‚Äô,7
"As soon as Modi noticed the camera gazing at him, he started praying. [ABP News]",5
Women gather together during Dust storm in Rajasthan! (2303x3407),3
Someone wrapped him in a plastic cover and left to die on the road. We took him home. Finger for scale.,1
Protest placard in Azad Maidan Mumbai : ‚ÄúI am from Gujarat. My documents burned in 2002‚Äù,5
Umar Khalid shares a JNU Incident related to Manmohan Singh.,5
Locked up home,5
"Swapna Burman, 6 toes in both legs, no money for special shoes. Father a rickshaw puller, mother working in a tea garden, running for her country in the final event of the Heptathlon with a bandaged jaw. And winning it for India This country certainly has no shortage of heroines",8
"Boycott Kerala, by Pencilashan",5
State of the Republic,5
Indian news anchor gearing up for landing,1
"I lost a night's sleep driving and camping out here but when the sun rose, this view made it all worth it. Nandi Hills in Karnataka. [NP]",1
Grocery shopping list of an Indian wife,1
Horrific videos coming out of JNU. Another university attacked.,5
How to get more volunteers for 'The ugly Indians' cleanup campaign? Below was result of 3 hour and 15 volunteers,1
"Since I'm leaving the country for education, I thought I'll sell my guitar for a good price on Olx. Got a call from a guy claiming that he's from an orphanage. Had my doubts but still sold it at a much cheaper price to him than what others were asking. Turned out to be really wholesome. Made me glad",1
PV Sindhu becomes the first Indian to be Badminton World Champion!,8
Entire Jaipur from Nahargarh! (5283 x 3500),3
60 thousand fans turned up today to support the Indian football team against Bangladesh.,8
"While I am a Hindu, .....",5
How to destroy a country in 5 years.,5
Deccan Herald 23/12/2019,5
Andhra Pradesh should redesign this map/logo,1
Most powerful image of the day (@ranaayyub),5
Who do you call when the police murders?,5
"#trashtag India. Cleaning up the local Ganges riverbank in our small town of Uttarpara, West Bengal.",1
Actual footage of people trying to prebook Avengers: Endgame on BookMyShow since yesterday,1
"Back in the day, almost every household in India had one of these!",1
Woke up to this today. Made my day!,1
Arnab Goswami & John Oliver,5
Tumbbad fan poster by me,1
Mom came up with this impressive idea to celebrate my bday amidst lockdown (choco pie & chena khir),1
"Today my office gave us India flags which are Eco friendly seeded products. Each of these flags contains a live seed which can be planted. Once you place the seeded item under a thin layer of soil, it will bloom within 4 to 6 weeks",1
AAP's response to BJP's Prakash Javdekar.,5
"Delhi police breaking the wind shield of an auto in Seelampur, Delhi [Source: BBC Hindi]",5
Hotstar nukes PM Modi episode of last week tonight with john oliver.,5
I stuffed most of Europe inside India,1
I am afraid of the DLCs.,5
Indian farmer builds lean mean TREE CLIMBING machine!,4
A silver Rupee coin from 1862!,1
Me at Kerala,1
Netflix India case study.[OC],1
"A misty morning in Idukki,Kerala.",1
The hero we need but don't deserve. Bharat Bhushan Gupta Aadhar breach whistleblower.,5
"Wanted to share my recent painting with you guys. ""The Golden temple"", oil on canvas, 30""x40""",1
Into the Storm. (mumbai edition),3
"I thought there was a lack of India based satire comics, so I made my own! - Brown Paper Bag. Let me know what you guys think about a few of my first comics",1
When you take your firangi friends to an Indian food joint,9
Find someone who looks at you the way Putin looks at Modi,5
This is Burger King's Chicken Tandoori Grill burger. What they advertise is above and what they delivered to me today is below.,9
From Deccan Herald - 12.12.19,5
ISRO releases photo of moon taken by Chandrayaan-2,4
An ode to Gandhi ( from twitter ),5
Every home today morning,5
Found at a hospital in India.,1
Bengaluru City Police,1
Pretty much the current state of India,5
Just a photo of HP Petrol Pump I took recently. The line drawing is added in PS later. [OC] 3922x4902,3
[OC] This Contest From Maggi.,1
An in depth news coverage of the monsoons,1
Modern day mathematics for modern problems...Brilliant stuff!,5
#satisfying,1
An aerial view of Gangaikonda Cholapuram Temple,1
Pic From Rural Kerala,1
The Times Of Modi!,5
Science students can relate,1
I am a Muslim and I wish all my Hindu brothers and sisters a happy Dusshera!,1
YES Bank,6
It's confirmed but also not confirmed.,1
The Original 10-Year Challenge,1
When Google gives up,1
Something I made given the time _/\_,1
Good boi in traffic,1
At the Pune protest at Pune University,5
Mumbai Police Meri Jaan,5
"This girl with a ""Donate a book to the needy"" placard",5
First Mango ü•≠ in our home,9
Chill!,5
Congratulations to the Indian Women's Rugby Team who have scripted history by registering their First-Ever International 15s Victory by beating Singapore in the Asia Rugby Women's Championship Division 1,8
Hi r/India! I wanted to share this piece I finished this morning of my granduncle in Punjab,1
Today's BombayTimes is almost 90% filled with ads.,1
"Not a glitch in the photo, Jama Masjid, Ahmedabad",3
"Saket Gokhale: I‚Äôm applying for permission to @DelhiPolice this week for taking out a rally chanting ‚Äúdesh ke gaddaron ko, goli maaro saalon ko‚Äù.",5
Every single time!,1
Today is 26/11,5
[OC] I painted a mural.,1
"Deccan Herald - Speak Out - December 31st, 2019",5
"Powai, Mumbai - The great divide",1
Pick your poison wisely!,9
Something wholesome I came across this morning in Bangalore,1
"A watercolour painting of the Jama Masjid I did today from an old photo of mine, I hope you like it and wish you all courage and patience for the days to come !",1
Pune. My city. Standing strong. How about you?,5
Catch it before it‚Äôs too late.,5
Vegetable market in Sikkim,1
"India Gate ( Arc-de-Triomphe"" like archway in the middle of a crossroad)- New Delhi It took 3 attempts to realise this picture - Nikon D700 | 800 x 501",3
Every single day this spot is absolutely cleaned by the garbage collection guys only to be again dumped with garbage by the end of the night. When will we learn some civic sense to not throw garbage right in the middle.,5
"India supplied over two thirds of AIDS medication globally over the last two decades, bringing the treatment cost down from $414 per person per year to $74 per person per year which also supported the number of infected people getting treatment increasing over five fold during the last decade.",4
Domestic Dog saves the lives of 30 People in UP,1
"Dera Sacha Sauda chief Gurmeet Ram Rahim found guilty of rape, taken into judicial custody",5
"#OnThisDay in 1975, history was made when India‚Äôs first satellite - Aryabhata, was launched from Kapustin Yar in Russia.",4
Today's Telegraph. Vive la r√©volution.,5
Sunil Chhetri (Charcoal art) made in our uni,8
IISC Banglore,1
"Tired Of Racism, Northeastern Students Appeal To The Country To Stop Calling Them 'Coronavirus'",5
"Tis the season, people :D",9
Countries with smaller population than Uttar Pradesh.,5
Just realised that MDH uncle‚Äôs photo only appears on the vegetarian items,0
"[OC] Although mumbai rains are disruptive, they do bring beautiful scenery and holidays.",3
Different stages of hair loss in perfect order. Mumbai local train memories.,3
"Even when the Avengers are in trouble & no matter where they are, our Sikh bros will be ready to serve the Langar.",1
Hi folks here's a map I made of India's railway network - data from OSM.,4
Indian albino family,1
Me and my dad at Taj Mahal. 25 years apart!,1
"The Great Wall of India for Trump, by Pencilashan.",5
When you're promoting a patriotic movie but someone asks to show your passport,1
Hyderabad #CAAProtests,5
If irony needed a profile picture.,5
Today's Hyderabad protest,5
"""I bless the rains down in Africa""",1
Its my Rajapalayam's 10th birthday! Hes the best dog ever. Wish more people here knew about this nearly-extinct breed rather than importing Huskies and torturing them in the scorching Indian summers!,1
Brave students Protesting against NRC and CAB in Delhi,5
Digital potrait of Amrish Puri in Temple of Doom by Rohit Singh,1
Captured this just before sunrise near Bhimavaram on my way to Vizag by train.,3
"Dads, Indian Dads",1
Indian Ascetic during Kumbh Mela.,3
Getting in on the Selfie craze [P],1
Good evening y‚Äôall! Mughal (Akbar) silver rupee dated 1589AD from my coin collection.,1
A coconut vendor celebrating Deepavali in Bengaluru !!,1
John Oliver rips apart Arnab Goswami on today's episode of Last Week Tonight. Must watch! Should be on YouTube soon.,5
Thanks Delhi - For giving India some hope,5
No comics today. [OC],1
IAS Officer Srijana Gummalla returned to work just 22 days after giving birth to her son.,1
Good evening India. You might remember I posted her half finished a while a go? Here she is! My finished Lakshmi Diamond Painting.,1
Mangroves in Mumbai. Poco F1 (3024x4032),3
A poster at Shaheen Bagh,5
Lone Aadhaar dissenter wins a point,7
"A member of indian army services corps at Dunkirk, 1940.",1
Spotted in Delhi,1
Indian parent,1
#Justice for Asifa # Beti Bachao,5
When you lose your ball ..you improvise..this happens only in India?!?!,1
Maslow‚Äôs hierarchy of needs,5
Please give this guy his ‚Çπ2,6
Print media finally standing up against social media.,1
Whats with this country and its standards?,1
Konark Wheel sculpted by Sudarsan Pattnaik at International Sand Art Exhibition,1
Anyone can win IPL but...,1
"Sprinter Dutee Chand says she‚Äôs in same-sex relationship with soulmate. Dutee Chand, the 100 m record holder and winner of two silver medals at the 2018 Asian Games, is the first Indian sports star to acknowledge being in a same-sex relationship.",1
Finishing his homework.,1
Creativity Level - Blue,6
Nirbhaya case: All 4 death row convicts have been hanged at Tihar jail,1
"Divide and Rule, by Sharique",5
"Act of kindness. The Hindu photographer Vijay Bate clicked this image in Juhu, Mumbai, where a resident was seen feeding a peacock residing in the area. Source : The Hindu",1
"What you allow, you encourage.",5
How Google Autocomplete Describes India [OC] Re-upload with better readability,1
Dutee Chand won the Gold Medal in Women's 100m sprint at the 30th Summer University Games in Naples (Italy) on Tuesday. This is the first time an Indian has won a 100m Gold at this global event! No Indian had qualified for the 100m final in the history of the University Games before this.,8
The new 20 rupee note! Clear inspiration from Mango Bite.,7
Tomorrow is a new day.,8
Cow playing football. Watch till end.,8
This is Shakuntala Devi aka the human calculator. We all might have heard about her but a lesser known fact is that she was also the author of first Indian book on homosexuality titled ' The World of Homosexuals.',1
The masked goons who attacked our democracy.,5
One of the greatest writer of India: Munshi Premchand and his wife Shivrani Devi,1
Spotted In Bombay Protests Today,5
Burj Khalifa marks India‚Äôs 68th Republic Day with a spectacular LED illumination of our National flag,5
Harsha Bhogle.,5
Me and the boys going to CP.,1
The image speaks for itself.,5
"Zebra crossing painted but there's no way to cross in Banjara hills, Hyderabad.",1
"All Indians are equal, but some are greater than others - by sanitarypanels",7
"Kerala tourism advertisement at Times square, New york",1
The Continuing Practice of Untouchability in India.,5
Thug life autowala. From r/Hyderabad,1
Protesters have gathered outside Gateway if India since morning to condemn the violence at JNU. We want freedom from this fascist government,5
Bengaluru traffic cop stops President‚Äôs convoy to let ambulance pass; wins hearts and reward too,5
Did a Cyberpunk edit on a Paharganj photo I found online.,1
We had hail storm in sikkim today.,1
"5-year jail term, Rs 50 lakh fine for ads promoting skin fairness, govt proposes",1
My relatives visited me. And I live with my girlfriend unbeknownst to them. And they lost their shit. And it was a thing of beauty. (Re-posting because violated some rules earlier),1
Indian Parents be like,1
Current State of Tamilnadu...,1
"We can save you from Corona, But not from Stupidity!",1
Sunil Chhetri has equalled Lionel Messi with 64 International Goals.,8
"Abuse us, criticise us but please come watch Indian team play: Sunil Chhetri appeals to football fans",8
These boys in blue have had a fantastic few years too!,8
Meanwhile in Gurugram,1
"Anand Mahindra - ""It doesn't matter what your politics are. It doesn't matter what your ideology is. It doesn't matter what your faith is. If you're an Indian, you cannot tolerate armed, lawless goons. Those who invaded JNU tonight must be traced & hunted down swiftly & given no quarter...""",5
[OC] Lightning in Bangalore today,1
"You Will Not Decide What One Wants To Watch, You Are A Certification Board Not Censor Board: Bombay HC to CBFC",7
"For this republic day, I doodled a fully procedurally generated Indian Flag. (Source code in comments)",1
When you order North Indian food from Swiggy,6
"Anurag Kashyap, Anubhav Sinha, Zoya Akhtar, Kunal Kamra, Diya Mirza, Tapsee Pannu, Gauhar Khan, Rahul Bose protesting against the government.",5
Ravan Dahan ft. Captain America,1
Which is that strange weapon which can transform India?,5
"Beef Ban, Demonitsation, Swacch Bharat and Digital India - Modiji's all the achievements in one frame.",5
It‚Äôs that time of the year everyone !,9
"Hi r/India, I've been doing some messy, painterly wallpapers of countries' flags, here's yours[1920x1080]",5
The truth has been spoken.,1
Former President APJ Abdul Kalam passes away,1
"It's a humble request to you all, please don't share this image. You can go to jail.",5
Deepika Padukone reaches JNU to support protesting students.,5
We live in an unjust world!,5
A neta is born:,5
Anti NRC & CAA rally happening in Bengaluru now. Most roads jammed. Heavy police deployment across the city. Organisers say over one lakh people have asssmbled. Say it is a peace meet.,5
Is this true?,5
"The missing autistic kid case, desperately need your help please take a minute out of your busy life and help.",0
"Rape of 7-year-old in Bengaluru: Lack of medical report and top lawyer's defense gets accused off the hook. The defence first suggested that the child ‚Äì the seven-year-old ‚Äì was sexually active. When this line was objected to, the defence maintained that she had a vivid imagination. [Sept. '19]",1
Right To Privacy is Fundamental Right,5
Followed a new recipe and made butter chicken plus garlic naan from scratch.,9
Endangered crocodile species in Chennai dies due to loud music from a Sheraton hotel event,1
To all the Biryani lovers out there,9
"Because you guys loved the first artwork, here is a second one. Lodhi Art District, Delhi",1
Indian Fairness cream ad starterpac [OC],1
"Life Pro Tip India - If you're getting spammed with ""Personal Loan"" calls, don't hang up or pick and abruptly cut the call. Pick the call, say you want the loan badly and tell them you're jobless and don't have any collateral. They're mark you as Junk on their CRM and steer clear of you.",1
"[OC] Managed to click this magnificent peacock in Kovalam, Kerala - 3024x4032 - iPhone",3
This genuinely makes me sad. Imagine a world without Wikipedia. Please help if you can.,1
Empires of India [GIF],5
When 107-year old 'Mother of Trees' Saalumarada Thimmakka broke protocol & blessed President Ram Nath Kovind while receiving Padma Shri award.She has planted 8000 trees including 400 banyan trees across Karnataka.,5
Bengaluru police at it with the GOT references! [NP],1
"Meet our nation's future Olympian in shooting. She just blew away Commonwealth Games Record and won Gold by a huge margin of 6.9 points, defeating another shooting veteran Heena Sindhu. And she was born in 2002! just 16yrs old!",8
Deccan Herald does it again.,5
Flipkart now uniting long lost brothers.,1
India's creativity.,1
Live IPL score on a taxi in Hyderabad,8
"An attempt to address the list of ""simplified"" explanation that is floating around in an attempt to justify the Citizenship Amendment Fact",5
Deccan Herald Speak Out pokes Modiji with a dialogue from Amitabh Bachchan-Shashi Kapoor starrer Deewar. Deccan Herald 03-01-2020,5
Scientists Say Cow Urine Has 'Zero' Health Benefits & That Sounds Like Bad News For Indian Govt,5
India (1950): 'The Wages of untouchables are wrapped in a leaf and dropped from a safe distance into their hands'.,5
Waiting for such an address by the PM...,5
Possible scam on the huge Youtube tech channel PhoneRadar. I am the winner. Need advice,0
Indian Air Force pilots. 1971 and 2019,1
This Thali!,9
[NP] Wikipedia needs our help.,1
"Sacred Games season 1 fanart poster, by me",1
Mumbai police's recent tweet on scams.,1
Shimla,1
Indian auto drivers during a traffic jam,1
"I saw your Meghalya post and i raise you this boi.... Someplace on the way to Kheerganga, HP.",1
Happy birthday SIR APJ ABDUL KALAM. The missile man would've been 88 today.,1
Kolkata at night during Durga Pujo,3
For all our desi Calvin and Hobbes and Chacha Chaudhary fans!,1
LED traffic strip lights in Hyderabad,1
"I made 13 illegal toll booth vanish overnight, milking 3-4 lakhs everyday, using RTI",7
Deccan Herald's Speak Out: 7th March 2019.,5
The 90's is (calcium) strong with this one!,1
When you have more phones than toilets,5
"[Showerthought] Netflix should provide a ""Skip Song"" Button for Indian movies.",1
I see your good boi in traffic with purrtty kitty in traffic.,1
"Rahul Dravid ""I don't think I can just get a doctorate because I happen to be a famous cricketer, I need to have done something to earn it."" via book Democracy's XI",8
"Jawaharlal Nehru Meeting Albert Einstein At Princeton, USA, 1949",5
"Mornings at Mulki, India.",3
Deccan Herald showing what a hypocrite our PM is,5
Tinder scene in India,1
Painted near cyber tower,3
"Wanted to share this piece I just finished with you guys, ""The messenger""",1
Father of the year - SCLR Mumbai,1
India's poverty rate has started to rise after almost three decades of continuous reduction.,7
Firozabad police fact-checking zee news (translation in comments),5
Railway police sent missing autistic kid on some random Goa baound Train please help.,0
"Zomato delivery executives at Bawarchi, Hyderabad.",6
What a shame :(,5
"Some of you asked to see him when finished. Here he is! Ganesh - my 56,000 piece Diamond Painting. Hope you like him üëçüêò",1
Exclusive CCTV footage of police brutality in jamia millia islamia university on 15 December 2019,5
Winter is coming,1
Divided by religion,1
The whole world is trending #deletefacebook and we're trending this.,1
Literally any talent show here.,1
Does my period really makes me impure?,0
Youth gathered yesterday in from of Palika Market- Delhi for a silent protest against climate change and to save our mother earth.,1
"Today on the first day of Bengali calendar, wishing all of you a very hearty Subho Noboborsho!!!",1
Root cause of the problem. This protest will be remembered for memes and sense of humor.,5
The famous duo in new movie,5
An NBA activist showing black flag to Manmohan Singh in 2006. MMS encouraged dissent. Photo by Vikas Khot,5
Tamilnadu sending the correct people to prison,5
Netflix and other streaming services should have a 'Skip Song' feature (like 'Skip Intro) for Bollywood movies.,1
I don't know how this was not a bigger national discussion. Almost a dozen Navy officers were arrested for spying for Pakistan recently under Operation Dolphin‚Äôs Nose,5
Sab Changa Si,5
I started my Btech degree yesterday at the age of 25.,1
"Equinox at Shri Padmanabha Swami Temple, Kerala",1
"My grandmother, her children, and her sisters in pre-Partition India.",1
"GoT theme song played by ""Arambh"" band using bulbul and dhol tasha in dombivali, India on the occasion of gudi padwa. Thought reddit should see this.",1
"Bengaluru cops pose as passengers, collect Rs 8 lakh in fines from errant auto drivers. Bengaluru autorickshaw drivers were fined for refusing to ply to certain destinations, demanding more fare and also not having valid or improper documents.",1
Madhubala - Marilyn Monroe of Bollywood,1
"Rahul Gandhi: 'Rahul Gandhi looked after us emotionally, monetarily, but asked us to keep it a secret,' says Nirbhaya's father [Nov, 2017)",5
this new sign just went up at a karachi bakery in hyderabad,5
Was going through my grandpa‚Äôs stuffs and found this.,1
"Each woman in this 1885 photograph was the first licensed female doctor in her respective country (India, Japan, and Syria) [xpost: /r/oldschoolcool]",1
"Staff from the Election Commission of India returning after conducting a local election in Leh. (Altitude above 10,000 feet)",1
I made the Taj Mahal in Far Cry 5!,1
A picture is worth a thousand words...,5
Protester giving red rose to Delhi Police at Jantar Mantar,5
"This advice is so Indian and relevant, it made me laugh so hard.",1
"Saw two gentlemen, one with a tray full water glasses and the other with a jug full, get on the bus at a traffic stop. Can't put into words how amazing this small gesture made me feel. [Musheerabad, Hyderabad]",1
A view of the Taj Mahal that you do not usually see. (X-post from r/interestingasfuck) [NP],1
I meet these kids everyday when I go on my run. They're always happy.,1
No Onion at Subway,7
Mother Tongue by Region based on 2011 Census,1
[NP] We should really appreciate Mumbai Police's social media team.,1
Anyone else sick of news reporting what celebrities are upto during the lockdown?,1
"These Indians in Russia with banner saying ""India coming soon!""",8
'Privileged should try and create a better world': second-richest man in India gives $7.5 billion to his charitable foundation,1
"Sushma Swaraj with The King, The Queen and The Prince of Bhutan",5
Delhi Elections 2020 by Sanitary Panels,5
Goddess Kali drawn on a Starbucks cup by artist Rashmi Krishnappa. [Non OC],3
I took this image while travelling in the remote villages of Telangana. A man is getting ready to perform in a play while his daughter observes him with all wonder.,1
"#BREAKING - Father of the woman who said that she was raped by a BJP MLA & his accomplices, passed away, allegedly in police custody, after he was arrested yesterday. The woman & her family had attempted suicide outside UP CM Yogi Adityanath‚Äôs residence in Lucknow yesterday [P]",5
Life savers!,1
From Today's (29th Dec) massive rally in Pune against discriminatory CAA and NRC!,5
"""Rioteers can be indentified by their Dress""",5
India Gate,5
Mural Painting done by my Mom,3
BJPs campaign so far,5
Almost half finished: my Diamond Painting of Godess Lakshmi üôè hope you like her üáÆüá≥.,1
Low cost carrom,8
SanitaryPanels strikes again.,5
Netmeds.com showing misleading numbers saying 'N people are viewing this item' while it is just random number.,6
Prime Time,5
India conducted surgical strikes last night across LoC to safeguard our nation: Defence Ministry,5
India‚Äôs Sumit Nagal took down Roger Federer 6-4 in the first set!! Yay!!,8
"One Country, Two Standards",5
ISRO's twitter handle just shared this imaged of the GSLV Mk3 launch,4
The traffic police in this city is getting creative,1
